Exposure Keyword,Line No.,Full Line,Keyword Instance Total
authentication,1,server name = server; URL=server.ait.com; authentication key = 124324235325,8
token,2,token,8
password,3,password = admin123,8
@ait.com,4,pushkar@ait.com,8
@ait.com,5,pat@ait.com,8
password,6,rebecca@ait.com password = easyPass,8
@ait.com,6,rebecca@ait.com password = easyPass,8
password,7,password = admin134,8
Exposure Keyword,Line No.,Full Line,Keyword Instance Total
authentication,1,server name = server; URL=server.ait.com; authentication key = 124324235325,8
token,2,token,8
password,3,password = admin123,8
@ait.com,4,pushkar@ait.com,8
@ait.com,5,pat@ait.com,8
password,6,rebecca@ait.com password = easyPass,8
@ait.com,6,rebecca@ait.com password = easyPass,8
password,7,password = admin134,8
Exposure Keyword,Line No.,Full Line,Keyword Instance Total
authentication,1,server name = server; URL=server.ait.com; authentication key = 124324235325,8
token,2,token,8
password,3,password = admin123,8
@ait.com,4,pushkar@ait.com,8
@ait.com,5,pat@ait.com,8
password,6,rebecca@ait.com password = easyPass,8
@ait.com,6,rebecca@ait.com password = easyPass,8
password,7,password = admin134,8
Exposure Keyword,Line No.,Full Line,Keyword Instance Total
authentication,1,server name = server; URL=server.ait.com; authentication key = 124324235325,8
token,2,token,8
password,3,password = admin123,8
@ait.com,4,pushkar@ait.com,8
@ait.com,5,pat@ait.com,8
password,6,rebecca@ait.com password = easyPass,8
@ait.com,6,rebecca@ait.com password = easyPass,8
password,7,password = admin134,8
Exposure Keyword,Line No.,Full Line,Keyword Instance Total
authentication,1,server name = server; URL=server.ait.com; authentication key = 124324235325,8
token,2,token,8
password,3,password = admin123,8
@ait.com,4,pushkar@ait.com,8
@ait.com,5,pat@ait.com,8
password,6,rebecca@ait.com password = easyPass,8
@ait.com,6,rebecca@ait.com password = easyPass,8
password,7,password = admin134,8
Exposure Keyword,Line No.,Full Line,Keyword Instance Total
authentication,1,server name = server; URL=server.ait.com; authentication key = 124324235325,8
token,2,token,8
password,3,password = admin123,8
@ait.com,4,pushkar@ait.com,8
@ait.com,5,pat@ait.com,8
password,6,rebecca@ait.com password = easyPass,8
@ait.com,6,rebecca@ait.com password = easyPass,8
password,7,password = admin134,8
Exposure Keyword,Line No.,Full Line,Keyword Instance Total
authentication,1,server name = server; URL=server.ait.com; authentication key = 124324235325,8
token,2,token,8
password,3,password = admin123,8
@ait.com,4,pushkar@ait.com,8
@ait.com,5,pat@ait.com,8
password,6,rebecca@ait.com password = easyPass,8
@ait.com,6,rebecca@ait.com password = easyPass,8
password,7,password = admin134,8
Exposure Keyword,Line No.,Full Line,Keyword Instance Total
authentication,1,server name = server; URL=server.ait.com; authentication key = 124324235325,8
token,2,token,8
password,3,password = admin123,8
@ait.com,4,pushkar@ait.com,8
@ait.com,5,pat@ait.com,8
password,6,rebecca@ait.com password = easyPass,8
@ait.com,6,rebecca@ait.com password = easyPass,8
password,7,password = admin134,8
Exposure Keyword,Line No.,Full Line,Keyword Instance Total
authentication,1,server name = server; URL=server.ait.com; authentication key = 124324235325,8
token,2,token,8
password,3,password = admin123,8
@ait.com,4,pushkar@ait.com,8
@ait.com,5,pat@ait.com,8
password,6,rebecca@ait.com password = easyPass,8
@ait.com,6,rebecca@ait.com password = easyPass,8
password,7,password = admin134,8
Exposure Keyword,Line No.,Full Line,Keyword Instance Total
authentication,1,server name = server; URL=server.ait.com; authentication key = 124324235325,8
token,2,token,8
password,3,password = admin123,8
@ait.com,4,pushkar@ait.com,8
@ait.com,5,pat@ait.com,8
password,6,rebecca@ait.com password = easyPass,8
@ait.com,6,rebecca@ait.com password = easyPass,8
password,7,password = admin134,8
Exposure Keyword,Line No.,Full Line,Keyword Instance Total
authentication,1,server name = server; URL=server.ait.com; authentication key = 124324235325,8
token,2,token,8
password,3,password = admin123,8
@ait.com,4,pushkar@ait.com,8
@ait.com,5,pat@ait.com,8
password,6,rebecca@ait.com password = easyPass,8
@ait.com,6,rebecca@ait.com password = easyPass,8
password,7,password = admin134,8
Exposure Keyword,Line No.,Full Line,Keyword Instance Total
authentication,1,server name = server; URL=server.ait.com; authentication key = 124324235325,8
token,2,token,8
password,3,password = admin123,8
@ait.com,4,pushkar@ait.com,8
@ait.com,5,pat@ait.com,8
password,6,rebecca@ait.com password = easyPass,8
@ait.com,6,rebecca@ait.com password = easyPass,8
password,7,password = admin134,8
Exposure Keyword,Line No.,Full Line,Keyword Instance Total
authentication,1,server name = server; URL=server.ait.com; authentication key = 124324235325,8
token,2,token,8
password,3,password = admin123,8
@ait.com,4,pushkar@ait.com,8
@ait.com,5,pat@ait.com,8
password,6,rebecca@ait.com password = easyPass,8
@ait.com,6,rebecca@ait.com password = easyPass,8
password,7,password = admin134,8
Exposure Keyword,Line No.,Full Line,Keyword Instance Total
authentication,1,server name = server; URL=server.ait.com; authentication key = 124324235325,8
Exposure Keyword,Line No.,Full Line,Keyword Instance Total
authentication,1,server name = server; URL=server.ait.com; authentication key = 124324235325,8
Exposure Keyword,Line No.,Full Line,Keyword Instance Total
authentication,1,server name = server; URL=server.ait.com; authentication key = 124324235325,8
Exposure Keyword,Line No.,Full Line,Keyword Instance Total
authentication,1,server name = server; URL=server.ait.com; authentication key = 124324235325,8
Exposure Keyword,Line No.,Full Line,Keyword Instance Total
authentication,1,server name = server; URL=server.ait.com; authentication key = 124324235325,8
token,2,token,8
password,3,password = admin123,8
@ait.com,4,pushkar@ait.com,8
@ait.com,5,pat@ait.com,8
password,6,rebecca@ait.com password = easyPass,8
@ait.com,6,rebecca@ait.com password = easyPass,8
password,7,password = admin134,8
Exposure Keyword,Line No.,Full Line,Keyword Instance Total
authentication,1,server name = server; URL=server.ait.com; authentication key = 124324235325,8
token,2,token,8
password,3,password = admin123,8
@ait.com,4,pushkar@ait.com,8
@ait.com,5,pat@ait.com,8
password,6,rebecca@ait.com password = easyPass,8
@ait.com,6,rebecca@ait.com password = easyPass,8
password,7,password = admin134,8
Exposure Keyword,Line No.,Full Line,Keyword Instance Total
authentication,1,server name = server; URL=server.ait.com; authentication key = 124324235325,8
token,2,token,8
password,3,password = admin123,8
@ait.com,4,pushkar@ait.com,8
@ait.com,5,pat@ait.com,8
password,6,rebecca@ait.com password = easyPass,8
@ait.com,6,rebecca@ait.com password = easyPass,8
password,7,password = admin134,8
